y,x1,x2
0.552903886571917,0.584160229933067,-0.839758161088296
3.40855683012274,0.0949721276864264,1.63379137275695
1.79986982649017,0.070500304215221,-1.08794909391895
3.07919735106845,-0.812706485681959,-1.75794385402771
-4.21733373296399,-0.314882388518708,-0.94383526207669
6.82392625658117,1.60324201616506,1.08292273567461
0.125457595946583,-0.258135648405062,0.739694440392892
1.66862232398088,0.179601246463379,0.282986097074153
-3.80020482595001,0.0209775318094093,0.0721653152911534
11.2046048009387,-1.36206605635739,-2.87310428343364
1.32706865573621,0.366802558008106,-0.90196575498984
1.98025224178985,-0.293806657971436,0.975622475746026
0.953518565173146,-0.349748089482732,-0.766841956076733
1.03837163497552,-0.128687857991899,0.729377913625416
0.89167897527476,0.772506926411148,-0.283944326027884
0.541221240322591,0.473767322603982,0.128166579577914
3.38184163626238,0.873875448184237,-0.825211661806117
2.16278194683305,0.441294072397178,1.01518053120796
2.20844748460401,0.00150650330736925,-0.793932346254017
4.23109946825426,1.02821768976999,1.41379741130406
4.55778075606983,1.38315293572551,-0.443439605724715
-3.03398061221349,0.184540524965134,-1.07777837343303
-3.15805285316581,0.331961057501889,-0.897088985378899
-0.564496297917143,-0.297891321479361,-1.11830774690148
-3.28181972159302,-0.215609176579251,-0.11353916341375
-1.54565475645294,-0.457276414970766,0.615762383884206
1.07140724909144,-0.965193971728448,-0.275564795771608
1.19522068874628,0.105168270023224,0.395080356670637
2.49527056484666,0.716439082797081,1.11406894753504
-1.72115244688371,0.282000767552928,-0.628497111250638
-1.94827454314002,0.277322225890793,-0.34826224780462
0.529851667074178,0.300511127160598,0.709340349341231
6.91124026701588,0.339102322395623,2.04840747578048
1.63559710119707,0.315546303064635,0.383593146539363
1.94330030550992,-0.996571333235534,-0.798413819439823
6.25222638170479,-0.329105542315592,-2.61777538933009
-2.00729742247504,-1.17265536718207,0.135624606359498
2.46487005364148,0.236516549044074,1.00261761344007
1.73697837239303,-0.0875894338530903,-1.80616248510953
3.702207366464,0.52865908143724,0.414274024688636
1.8822838019583,-1.63237832255283,-1.94057323391565
-1.05731078709572,-0.548038758937216,-0.494700804154764
-6.15442871439259,0.186666845283817,-0.325655503454283
10.3847370729926,1.41420794838152,1.78682386169494
9.16389327712985,1.18354053044359,0.99339336974143
-4.30771778473632,-0.658093800366557,0.556698147773952
14.1581095379059,2.10023398400779,1.78297704020831
4.00760404889862,-1.21191433890008,-1.94574253996227
0.766415869386073,0.289954092982129,-0.841107023038745
-0.234089453256645,-0.275773940760604,1.11842506621755
-1.43849363103325,-0.158159380294775,-0.217652485441703
1.42287049643182,-1.85608393445908,0.488360052093556
12.7984790573295,-1.95451060795644,-2.78354709874506
4.12818088361268,0.359351550023154,1.9714146771273
-4.63553653107269,0.0273833142940767,-0.103133715846171
-0.63091967405052,-0.535212756644767,0.0572824917939132
-2.55963189823788,-0.0975466239520829,-0.582120664180387
6.13618041411702,1.16884260677973,1.08463554874974
16.962351927042,3.09073687818219,1.14146573293969
4.80903907833512,0.0473679200507918,1.36365240404398
4.2442957456237,-0.673762903609439,0.380822420189347
6.0946339798055,1.89410283087074,-0.304732421463777
-1.71054772106244,-0.515469766255682,-0.471974756183346
2.93120767337881,0.997012801729349,0.576686417443277
1.3053024721873,0.213943010774181,-1.1846405688875
2.89070688298649,-0.395067925535321,0.327372982957951
-3.25430611868577,-0.579490592910927,1.33910827487997
1.62585965612934,-0.058315545830644,0.480726430035146
0.216974238894,-1.40368789647643,-0.520407406582098
3.37479036744386,-0.186294727941616,1.45201516151441
-2.31515422102073,0.454089994560643,0.104929318042872
-1.81750921158303,0.66715479903607,-0.638218173746731
0.958234740475096,0.304027426384499,0.58878039665225
-0.131820160275635,0.0781341181085409,-0.882567839403073
-1.98063470675685,-0.0994610746813138,-1.63236973808887
-2.01742095512768,0.814431008328717,-0.487368554917807
2.46219858034336,-0.927437759058918,-0.29873944198298
2.69549333157031,0.16575523389289,-0.212469939167322
0.724269569880776,-0.184150907224164,0.206408219860784
10.5535317484792,1.76357542949961,0.643699688532888
3.23669859477517,0.392984394720184,0.508576658313333
-1.07031201623,-1.16412654868445,0.272242444391311
-0.548153985937321,-0.332228433947694,-0.847252236893708
7.85943125772081,1.21067010286985,0.974522023957681
2.44847922406913,0.438925691649139,0.425110924199562
0.845814755574992,-0.316510290311247,-0.454750922891837
0.341478429369903,0.134769532830979,-1.33946365875752
3.5439139606289,-0.25737199947165,-0.000129196567436564
3.02926568740844,-1.66282930998936,-1.66905221298533
-1.14502228004358,-0.459776259187672,-0.269562605536325
3.61136616116365,-2.0981591205128,-0.866720153046004
1.90578365703738,0.136636845271151,1.27126221358245
0.166818811170744,1.24381220176135,-0.387719678617485
5.53236621987187,0.701472038396911,1.74271638376567
4.0856220255222,0.684329230505729,-1.50227036362581
3.12531461649452,0.0924294280969018,-1.39354435730006
4.33727467609174,0.501345380233539,0.755134883312949
4.08887310667214,-1.50126443025007,-0.208050193972697
-1.30506681973496,-0.429792495978552,-1.09969808137633
0.597566720827834,-0.298191408768968,-0.478040508475509
-0.125803702232068,-0.744452456558052,-1.54771418867018
7.13749146786811,0.836610126673284,1.93473017236102
-1.15310915166872,0.457163185477547,0.515378078167973
1.54771453746452,0.214206139242387,-0.277363143325526
0.829714673515776,0.520050837877007,0.738790767642407
-2.35863601791467,0.083342801939865,-0.972979380273848
12.8622853332391,1.43968370764348,1.66595979026069
5.17844266439365,-1.06638923879304,-1.26901066586378
7.43994344643671,0.900991274341695,0.486571820944819
7.65035780511683,-1.63470083796803,-2.04848672722251
-2.11126188616384,-0.55325492201451,-0.0507160034332045
5.40648876302469,1.41858824853365,0.80715301599762
2.7794801923144,1.30025382232417,-0.708220779494423
0.437441608292561,0.415974625914641,-0.634237439902825
2.06460664512765,0.83697670203768,0.54228928629444
2.10988437585953,0.44756430732626,0.098547403486572
6.47958427053301,0.90462956372137,0.146812470153097
-0.237116270890755,-0.720498812107359,-1.08618028117113
1.18190408494385,-0.672921796662578,-0.4845130881765
-0.791112589874789,-0.77855655469357,-0.7292167427979
2.79758151417886,0.424469401716841,0.508117959304142
0.919438415197785,0.525364658416593,-1.166459640234
6.99695698827224,0.993431944471443,0.651716709151565
3.65267582625468,0.48797218060575,0.139363168103955
0.803454923078022,0.689055194705554,0.409405449288066
1.70547398824308,-0.0728539083258055,-0.418845905241067
-3.73086596127137,-1.03475549366875,-0.951550918449176
0.0809473781524793,-0.264396915536325,-0.634019009979965
3.30698090091667,1.0527460668196,-0.47691902994526
0.842490207095806,-1.03803259070414,-0.817888345106132
-1.71024063856581,-0.341415796463687,0.00362706411740536
0.848616894952667,0.220567123347369,0.323833632806527
4.57318547242637,-1.46735527996689,-1.13818434212108
6.35438218440889,1.54302865935363,0.539356602106893
1.56964070512364,0.0608941229854728,0.287149313195833
11.5844059845784,0.999980843381612,2.01250120828741
1.98530132088121,0.0432445442755606,1.32764455276907
0.856158697900814,1.51789772922767,-0.00371531538838014
8.86465200531229,0.84053483914144,1.92428638778395
2.12564955429644,-0.105688644929176,0.819061814550271
-3.18144917649821,-1.01537551045415,0.310068772823147
-1.72685388042159,-0.670428496189644,0.611722363472711
6.78360791180932,1.79208796824403,-0.893639147988824
8.52778818995726,-0.277276885367765,2.02255233780946
4.16165618206493,0.422119371439358,0.557528261385844
2.29642050448915,0.390140481991397,0.226067741909683
-2.26764512461646,-0.372889108403854,0.508540048514949
2.71295245256152,-0.0944672452534341,0.131687281915711
-0.724625230743981,-0.763213486525752,-0.418131123979449
6.18276629767167,1.03809925400107,0.82781856604287
-2.72605509398237,-0.408469242626315,-0.0923179630725651
17.0317140721504,1.86336604486234,1.92218201555902
1.79276377993509,1.09377756419829,0.486955413706792
10.0284436270743,-2.13777009544419,-1.97679041094812
2.34009049271232,-0.588167568520312,0.193687471312216
3.55152517656644,0.0743777806591524,0.500147646832996
1.71648213558226,0.744400242323512,0.473481073770058
2.90594036429171,0.770782076358785,-0.411194958580161
-0.42759645858589,-0.334572704075819,-0.46835384332849
2.31781353250394,0.227621005560303,0.351038214676813
0.0692745889361375,-0.60169054872172,-0.138305933442433
0.848987404005027,-1.32524551674348,0.776305962908143
10.5624454148053,-2.26322040811183,-2.00794397692277
1.22088343237105,-0.14257083117651,-2.28898129223719
2.59029238935425,-0.772572511833724,-0.263959787226871
-4.61016824615673,-0.915137484373491,0.276231549719277
-0.0223551602533538,0.855604912572531,-0.213305862856878
0.536367550646902,-0.265854998165884,-2.0583982088475
9.8033893652762,0.56266242803069,0.892579327184096
3.72148807295713,0.482158552672292,0.219740367543684
2.47918717645179,-2.10862954327795,-1.06565742679377
-0.0573002296855689,-0.445178895529716,0.420723408321283
2.6544544701355,-0.465280426590789,1.13598906644186
9.52005440549141,1.10223757744526,1.26437946725491
4.82456320502854,1.46511137672664,1.25217864366112
2.98212233521568,0.82883785496422,0.413573695538926
7.10369170979074,0.572212396830278,1.94921917329406
4.28713304012588,-1.14216242009923,0.780453404271604
-6.20877378008238,-0.508868980104484,-0.400910219252944
8.94971237276798,0.171934578287061,1.94197260552134
3.12608479229213,-0.925755254597104,-1.37008828035663
0.517886284937219,0.262482973146671,-1.09189096840931
-1.05858816520834,0.441341601510853,0.28883578126627
-4.13209551297302,-0.466873483078425,0.146661976091865
5.4860386366882,-0.385992166028175,0.314360704772563
1.66719416265416,0.316622586765848,0.335644211302033
3.72856221347914,-0.754527721366959,-0.0472661457434121
-2.22569353517313,0.116838769004166,-0.238926520242835
3.4860385751763,0.855285291932926,0.792963449796518
-0.379470532954246,-0.97415333504383,0.151283225624174
-0.488511459935515,-0.155506600339064,0.0746168265238812
4.63301045346475,1.51842602966719,0.469211910472528
1.1649095306266,-1.53822975834128,-1.46687943825955
4.44865513711456,0.259663425344486,1.18571318918652
-0.19400036980234,-0.45964389369079,-1.26999099893697
0.780131575599216,-0.417223307992325,-1.43331933807823
-0.25945102360254,-0.233810795606636,1.01561114133474
-1.44801687407065,-0.252798046905752,-0.302368668463906
-0.187087008796225,-0.770027756332779,0.388069686849329
-0.181733832422911,-0.556874949178381,0.102159332767862
2.84529057526818,0.27754418057246,-0.341615285362284
0.287948453545913,0.437480591014887,-0.745325658389029
2.47016762208129,-1.31152887490684,-0.601713201115761
-0.816227842298122,-0.385190850068699,-0.430619285460129
-0.716709564631936,-0.467710750488054,-0.404582452637354
18.8037721613618,-2.31479097509611,-2.99073377221786
5.73240456090142,0.831761454707919,1.22896792604568
-0.46445255984327,-1.2793234951213,-0.501721254094267
4.39478244452496,1.45480222157333,-0.00662291025390188
-2.49504352218305,-1.07504052861824,0.366588093910367
-2.52900823382078,-0.95010774452392,-0.639936333952106
0.176480032371876,0.780548408400162,0.599525425725766
3.826683258033,0.764739105366382,1.11607884269757
3.50038796209342,0.616789272150895,0.243951193560436
0.959466711553998,-0.817147403867252,-0.787673550726589
2.96868350040111,-2.13806583178953,-1.62561032775942
4.77764487296265,1.1531720293007,1.51027397897921
1.86233661615897,-0.99230564971593,-0.643224308858422
2.94955599263457,-1.84307565603155,0.257783963852867
-1.68257958710379,0.317657342838507,1.19790826070398
-0.010040098103409,-1.74998351254425,-0.41575884800632
1.00585490105363,0.267745726802112,0.278390866307214
-0.175708196062347,-0.89821281997276,-0.749897579358116
0.803139025255202,0.594465368767511,0.564671426749148
0.859327529470649,-1.29828801449081,-0.368839407066623
6.58091515454488,-0.1708122824233,-0.0439759985025118
2.0555157840684,0.0342861376736862,0.711538523448323
3.63744719322189,0.537254015488054,1.33555529481449
2.19155824333755,-0.502741458581382,-0.797568559014871
2.9695645806495,-0.723642091120044,-1.03041914915306
16.2955442031706,2.52505817331694,0.778241277905751
-0.422464005829304,-1.11823948928682,-0.414107996267244
2.32638262922266,-1.27806730931683,-0.169861669069508
4.60932706018829,-1.33219629007306,-1.55319158718328
0.0633286824101749,-0.344886365024365,1.27523355820374
1.67020179408771,0.692297760540015,-0.0746198044177272
8.91541142089,-2.53007895656791,-1.53818627770758
3.98411999139919,1.37069960751945,-0.815156884248813
3.47354102178083,0.902953359778859,0.788926985511533
1.35571233833731,-0.779367542289963,-0.74706985514939
1.38166828951073,-0.915200476293706,-0.606260113168011
4.16006698563643,1.28754586785432,0.699046545610074
5.34196052477828,-1.30746074296714,-2.40179665711679
0.305294682172419,0.121897807328192,0.282240214626512
18.2774181861426,1.93485591454882,2.36428769662089
7.45091235938716,1.02806392846112,1.18022885412336
5.9412515151888,-0.57556626997165,-1.85086796814854
1.01039930200832,0.315491808012966,-0.822353679961495
8.22955591608885,0.373909003407619,1.66752324280034
-1.31343748183088,-1.37103423223602,0.937198578004685
11.6297610232243,1.79281447903829,0.904485842978664
4.1804773830022,-0.800314573700976,-1.45540061418623
-3.36590349343664,-0.218486105045428,-0.148358075704675
8.89397194057104,-2.33125621329458,-1.52997736299887
8.10942593081938,-1.47370333390198,-2.28402028817033
-1.00349606066086,0.362765585266379,-0.373446443091302
0.175073947161351,-0.169037302710065,0.381641400171179
1.44568273093081,-0.655777213718638,0.579951168160143
-0.577100368056123,0.604098411481248,-0.329172956135167
5.43231179378827,-0.603546146001452,1.62590567739128
0.820605715201052,-0.535619894386964,0.623298490139618
-4.04590984879394,-0.16857361861998,-0.309458833234293
1.72723120394738,0.275596052567897,0.423904382481038
4.73524399678309,-1.74740153845469,-0.987319677685764
2.16677007737655,0.53607639955948,0.271506736607921
-0.101597961641366,-1.30579086946301,-0.55055388268624
8.08510263577862,1.26286646834612,1.4770102003113
2.00629314366464,0.239989040913566,-0.334367884060442
8.65795207271585,0.523457238500111,1.77456668252776
5.81224921558281,0.465315021054754,1.35400211464007
0.462958178674445,1.24325873593597,-0.561850332027927
1.23228742721814,-0.89563925849768,-1.79556807853923
-1.69978636730095,0.173860312044898,0.114593100326936
6.0051709456382,0.890193718176872,1.28000299550697
-0.280192684124989,-0.165507716206512,0.0706718436735436
-0.553797666656695,-0.346390631917843,-1.39852663746349
2.24623030704337,0.911848698555553,-0.627532145763272
2.84693677142343,0.212065318957874,-0.0744041912333837
4.95087445595035,-0.975547465410412,0.372697423814178
11.2142592374906,1.40590662097804,1.32750050736863
2.94486744905023,-0.933032397301207,-1.04534555005987
1.70711682730892,-0.107694771954552,0.459209397151424
-0.192585907011717,0.347344795220544,-1.13059092990039
-1.8481355213963,-0.260893170886802,0.475276446803017
3.11396484853512,0.230438420005433,-1.20816287772153
-0.0793680775002327,0.146109785837901,-1.05944202673388
2.48741823150479,-0.113443921502008,0.111253683950062
-3.31547193384702,-0.615581143859507,0.053044695139944
7.17096095262586,-0.133292362065408,1.78146578648006
6.8074096110299,-0.495051394758383,1.55430061183392
4.49723840873924,-0.219197013937239,-0.74932883843317
-2.51870555675324,-1.2430833244129,-1.03626956595662
8.87520306142711,0.397631183215791,1.09133889481826
0.668532911429772,0.455223456759518,0.593027550929699
-1.10196143661903,-0.60473693817824,0.475692589060661
-0.0724120456972667,0.148528434374119,-0.812457749064146
0.560913081159627,1.25915279342857,-0.883391894286979
-0.85024444488536,0.415317756345158,-0.651013668551157
-2.03628188946552,-0.368230913800223,0.32584626175214
2.30055617859486,0.780724038674518,-0.47065885949348
5.98537641496857,0.687569896985175,0.242521058199295
2.44564318055586,-0.755817862661391,-1.42935747801712
-0.964239720720661,-0.62119854033789,-0.279199289192593
8.61713639588026,-2.60705465204879,-1.08413357279017
1.40314057857449,0.277156232035401,0.312913432052199
5.63264297817625,1.20625388879164,0.505031595739633
2.5945840575596,-0.408537998876,1.24900944918718
2.1514256080933,-0.629645499858181,-0.188054913496498
1.45439538515516,0.212660157629236,-0.824964413417269
2.19063870768881,0.994558586785789,0.0236280247084721
15.4961940993226,2.8248010103182,1.27383350085966
5.86645966943679,1.39163223798319,0.25050698105891
-0.221378844036913,0.0686889119406966,-0.619505152518638
-1.26682039958684,-0.411405696211718,-1.09293261770289
3.30837357497596,-0.256079386564454,-0.0024944880128757
1.38764344969062,-0.769752513090105,-0.972919317927339
10.1920144590306,0.885248026350036,1.33044049963972
-1.58060881524323,-0.553875520552787,-1.07777432750346
-1.24304320566109,-0.221022215150314,-0.537159834577483
1.5176163743984,1.23408880199519,0.485383420099446
-2.02331952502075,-0.790519112579345,0.442133485336682
-3.41923349397081,-0.419342358239058,-0.255772841785046
2.33987416984791,1.43450989783752,0.446052181201839
11.7666755275343,0.680418096153041,2.33591415570437
5.00891450275508,-0.80860799424161,-1.66792550926366
0.734651995666153,-0.193504157431214,-1.31435843361023
3.73003469181068,-1.54061592579647,-1.39879780067255
1.00704594796232,0.965768953594121,-0.726476731404711
1.17937625418712,0.578549909937237,0.960132390475919
0.732256009590371,0.526224381608445,-1.54378977163294
2.70062845296647,-1.09117994469219,-0.854160176975225
-1.38469074121524,-0.619085615103891,-1.00638840128521
0.37638945760056,-0.605321285638227,-0.559782158932355
2.62593161839319,0.906287392307884,0.928783067191427
0.175383923376482,0.589280564095292,0.924333743697394
1.14249075278706,-2.04823368086213,0.670554355127451
2.74661324488189,0.158732101587586,0.827708063028981
-3.08776116909377,0.502245265660778,0.118458278291385
-0.167331634312486,0.0112213891394636,-0.40183484663168
6.47503309081522,1.44277672016255,1.16347818979284
1.11981683920609,-0.0884092005892161,0.618599255736531
-0.965076802079041,-0.728434243366828,-0.698467551597398
3.47025105568877,0.0244201817381094,-1.39223423271579
2.01994719775343,-0.602514248710034,0.447534941229315
0.478915869733062,-0.366837279622778,-0.671131362977017
2.48569942868315,-1.00907233130618,-2.15374509403468
4.36157956773684,0.750176470167971,0.402830701599769
-2.59302025472323,-0.840528619796469,-0.577264077629153
6.63890498152805,0.323252567675216,0.438383361872597
5.61055040153505,-0.856268139120393,-0.0696200473505625
6.14483217163308,1.28620150404658,1.47984966211736
1.76064785407316,-0.256628354304712,-0.371806265344113
-1.33814792600211,-0.62650974728319,-0.344161247683923
5.86502621122647,1.31843294160157,0.837161842393016
-3.45922565287599,-1.2808803583649,0.294069222013618
-2.79844938862269,-0.0731619360694602,-0.757159651169794
-0.563043694615273,0.721341038601704,-0.379149555240212
-1.65363113340043,-0.793426101255592,-0.521211496194685
-0.15146541162447,0.311680702701662,0.25644092064744
10.4992941762943,0.570934600749074,2.22786350216661
3.77066037133729,-0.827695104611402,-0.711006716570659
-1.50002104761015,-0.247950042613745,0.492373041948365
-2.13221404096406,-0.807467540218272,-0.535276223207602
1.01236675249785,-0.982987149593207,-0.19485983222419
-0.674142944822709,-1.04387171516258,0.113605374010707
10.3818889508051,1.48355106105071,1.74625131287121
-2.04347759395119,-0.244010626685004,-0.0545046415671598
1.72194189921477,0.646732387823783,0.52558398539969
5.44396671517225,1.41153235813457,-0.0781572230359828
1.5274918070641,-0.117030936475028,0.077166014347694
8.4182464177033,1.13382733943045,0.478503330847358
-1.68608417498504,-0.429739537745959,1.40191420249443
1.51531015208534,1.2541604876387,-0.237891014014777
-0.946010308610303,-0.395827815983188,-0.347326352967856
0.460703822990416,-0.414482029535404,-1.67080154462143
-2.04274580355101,-0.959205809068162,-0.422400330640916
-0.254784439558231,-1.17198172700032,-0.0444645570765518
1.98725692732851,0.979246429044276,-0.212590901694444
5.96400387788125,2.08763376402458,0.717769165360083
1.8986092240916,1.77344486163598,0.588100969431241
1.90773304479343,0.162914260291028,-0.970836598555715
4.55084578139066,1.38254374692872,0.545284760188766
4.21158544957726,0.695165012586783,0.690820804529301
7.21333504081817,0.68851297627224,1.42926076901089
-0.385541990525474,-0.185479774190659,0.0347412219670512
-0.577532716479588,-0.412846967482781,-1.48839885711242
-0.575851437570027,-0.000797123787938582,-1.4534521449844
7.58279190996618,-1.12520873417639,-2.29625259698787
0.59494406657574,0.0680370337252015,-1.58790038154233
1.58092103839782,0.555394990350309,-0.971701479563311
17.7498971168832,-3.34342798377869,-2.16802402681676
-0.354790180834992,-1.22949195097287,-0.727284176286323
0.170489910449344,-0.586020212203336,-0.0141651849604626
6.29516828596726,0.300412445898362,1.00718599790935
1.73242017723395,0.492594216148084,-0.193268306281436
3.66190258777228,1.1947776645047,1.00738263640163
10.0911454458739,0.669514956849633,2.54502166600597
-2.15614131358538,-0.0607428127509804,0.00473657800510724
1.62947025840015,-0.09726830838918,-0.318510223655579
1.37180767796262,-0.0045228120476055,0.53534031831616
-3.69377866691534,-0.143074467433386,0.00919531209979343
2.36976604026328,0.467802253175108,1.15250702268736
-1.66416102205278,0.349961235431929,-1.54414810552578
1.6157881704042,-1.24786953341033,1.08428404042701
5.69300977258689,-1.75403324726194,-1.82579933631534
-0.187238094621065,0.848960066929096,0.40729859277149
-0.893678962993098,-0.161141963376831,-0.438050665543586
-0.869278176385889,-1.81981058959946,-0.223271436640175
0.831732625656959,0.246584293894071,-1.02139879016737
1.41002113820476,-1.26052326054047,-1.14973209995264
-0.390190051556032,-0.284411783341056,-1.14333927610471
-5.55273833591573,-0.906935967897286,-0.640485118313949
-0.0264648677532304,-0.14114469335173,-0.730931158178396
10.6246924076792,1.96898847992364,1.24419200471653
4.16836824623414,0.488449296700042,1.42465678776822
-2.38680294950161,-0.347295264517227,-0.845267933624347
1.71543595422612,-0.100081517854539,-0.624959730698239
2.1611980193957,0.251261716206313,-2.24132549344807
2.01515298726599,0.107109195013894,0.0263601313099655
0.627254181947278,-0.834987242827515,0.58556663890528
-4.37169309370013,-0.772806108552667,0.0795243154978082
-0.790375488460485,0.863067330429652,0.707530538316533
1.88532785375364,0.258132527834541,-0.088431924347151
0.601804720306787,-0.0349425981533719,-0.719794108712568
-0.463405967182673,-0.669821810107591,-0.0507921720034389
1.92718990860576,-0.34650234412087,0.61402504212648
2.71944463346447,-1.14110473616929,0.421917613869163
18.160359765939,-2.43397419746823,-2.94278834295846
3.73632449663138,1.0611659584543,1.24753651874987
-2.46701896373333,-0.476610494474902,-0.82179497550704
-0.916429024732062,0.709471472745803,0.224219551236982
-2.43906829064077,0.0686131628844899,0.216426715464022
0.304568986505517,1.37793183373379,0.857148408611575
-0.383023834903093,-0.376243443967464,0.132893919782192
0.174408154854943,-1.23472715384312,-0.873828944017895
16.288421477178,3.34852387070392,0.578776575162125
-0.184596572123088,-0.985602734682904,-0.643656309173807
-1.53009618356179,0.0493495685458475,0.309739128502745
8.80464949483567,1.80921509183047,1.74693998510443
5.75015506516394,1.70259101484583,0.630953729441055
5.06447605054343,-0.78010209890631,-2.33289437913052
3.08153166416443,-1.1855239987934,-0.836395801456024
-0.422668799120655,-1.18369078389769,-0.667769960686511
-0.265347549104713,-0.449373571421932,-1.52811229944015
-0.114557896340077,0.263986747565532,0.129461885137224
2.00351063276309,0.761948020853192,0.581324579033749
3.8135322041002,0.481565884620393,1.29535234020991
6.92450738243808,1.20974043932516,1.45531426062238
8.84395336775297,1.95908352795186,1.3219286301781
7.21984212941993,0.157284628331989,1.91085690796798
10.9448859283234,0.297055970846243,1.93489549699069
-1.84364337778327,-0.12678573715229,-1.40587414241991
4.88033893139024,1.05922213052038,0.366318808506942
8.64159465556788,1.65649496657322,0.174345801178659
4.52612830116792,0.490777251167369,1.26234688831903
12.8403141086458,1.60734643579254,1.45266512156276
0.869770158786026,-1.50137817312095,-1.0071019782537
5.10743153924431,1.26766805227267,0.207044522429099
9.30859976411548,0.717433912817326,1.95067216894635
5.04390759879456,0.669431493104176,-0.280875402862658
-0.315427877013649,-1.97861326276889,-0.614928146395257
5.87108496130804,-0.979192828244432,-1.73373432690546
11.174194863193,0.502397444926066,2.43055069433387
-3.7194696063478,0.0588560207379097,0.386527051054376
3.02042979204871,0.239580897683284,0.453922513388861
1.3591781412417,-0.15087801319962,-0.138895404132531
2.05298407031361,-1.59528738928959,-0.634010337287116
-3.35238180330555,-0.281554866587749,0.292301728205094
3.4522198826141,-1.72206141469423,-0.728195929959278
2.1705967952818,-0.651098962777337,-1.37543751234588
4.11950407806236,0.715979706322054,0.722267629610328
1.19149569203188,-1.12279434937368,0.987198467122367
0.223856373186397,0.610591056075044,0.284041756273233
3.63698182801079,1.2494215611872,-0.591098191435126
-0.240099828429713,-0.584887328778221,0.123431754511704
-1.75712441601719,-0.633587552304863,-0.544130249353234
2.02944761531847,0.250150846502662,0.739225564194287
4.06898725319464,-2.16797496244896,-1.02056982861183
4.07857714699261,1.17743624336548,0.645307920536832
-1.36403351484713,0.885336234722434,0.141723639264322
1.32910442232233,0.888814356167786,0.362622801443797
0.614975213622679,-0.334688173190383,0.161791285545398
-0.727748590554365,-0.311740885938221,-0.0702407853377757
5.56733095948757,0.123900461855836,1.25365421215786
2.50830743096498,-1.35673328804702,-1.76522185221871
5.79883907555394,0.789774535503959,-1.31805049093541
-1.28348557758533,0.770252139923113,-0.871394395854574
5.24429129016706,-2.17478122838511,-0.828842010448076
12.4201699525795,1.62633330507531,1.8610802421252
-3.20000957627558,0.226012295196807,-0.610367427985425
4.09477541116258,-1.46529178863133,-0.750692784669859
0.446649295081389,-0.726988193038188,-0.442043831803008
2.48451625792881,0.659289159615428,1.049099981367
-2.74100193172121,0.374194825748451,-0.952294868195829
5.68932675165187,1.31535418992643,0.626402773294571
-0.597659602625579,-0.568747005243697,0.632375775869252
-4.9198663087942,-0.506883039583292,0.221551182186284
4.5951756105232,0.604318043144184,0.601721986261679
3.20005217542609,-0.783478822503983,-1.23978067825061
5.40193910751259,1.4167126462164,0.0947624083558673
-0.484252007798953,0.324866574283848,0.314109863550904
2.360729729317,-0.489732772279839,-0.30215665629098
2.07658742952931,-0.644893553321999,-1.43163257981913
13.1429232933031,0.971196644679629,2.23980299674696
3.13262333058292,0.7347668285652,-0.0665018998800197
1.05571422579713,-1.59803184360338,0.878928633416872
-4.73509296004849,0.0893658783171211,-0.753836990345028
4.64771266006699,-2.69333153842881,-1.20839610755277
2.65967764491287,-0.269991286331396,-0.360602914395616
2.40183215912125,0.547848345795144,-0.602911519321842
6.52658027264595,0.418116657011744,1.65818557846163
1.26745269559564,-1.30105214559604,-1.61668468338839
5.21864412981035,-0.600235004589273,-1.32488735584409
8.26105588622529,-2.25639648510796,-0.628568172417911
0.286957531158183,0.387212674825757,-0.521022146339176
0.0543124755934178,0.450085479922734,-0.507402732077255
0.966302203986919,0.30205903227939,-0.487471337761427
0.0959422264236331,-1.5627160511282,-1.50816673933359
2.95096831710334,0.233179150945747,0.224938826362526
2.73093220624439,-0.248867649121073,-1.86619795199915
6.53436261534095,1.77365752023582,0.476230079230007
2.55988477487272,0.728557872728179,0.152493008796609
-0.54146062097301,0.362463831606851,-0.377394521275011
-1.96697836219588,0.404327908363474,-0.945654252632843
0.0107391432692283,0.520010421921325,0.132697209883165
1.79012617749564,-1.51845136686408,-0.256184674099515
1.93428988296012,1.31576986157668,0.13003730813222
-0.234392151583709,-0.605455899941878,-1.12825264406759
7.51448661591057,1.55804612363579,0.853360455540332
4.92826659944313,0.0442324699676565,-1.89046330502406
9.25444746982924,1.83705839055874,0.224496486455229
1.08640259910433,-0.536913690980585,-0.459574745316888
4.54700820628566,0.109028810756183,0.627331012274623
1.10157900046662,-0.762423587728302,-1.05324786618413
2.16096063274447,0.768754308775893,0.453110666565005
6.03438502847622,-0.379352280340111,1.39515197712793
10.6077858623284,2.4968054009648,0.805323303538919
1.65110613767973,0.912310903870726,0.67656485313027
-5.20008029799183,0.102303651687747,0.457622746162592
8.589976864895,0.665721083814508,1.52500888967513
-2.18352158232984,0.146167182281861,0.682423702494876
2.29529748094264,0.909388097752286,0.390175881870729
15.4825834646208,2.11953319476461,2.2315819723174
-0.848660620830584,0.0218125814336648,-0.390279996076008
4.37821243054388,0.983177252193936,1.50459126923266
-0.240545801389156,-0.684666311011507,-0.727319588623942
2.65560199544408,-0.778705974509079,-0.104288708183684
4.74485792088747,0.660876919631047,1.13454542342778
0.64023420016742,0.522889050240544,-0.00854035616961899
-2.02341051434677,-0.318805057365108,-1.03523342762423
-0.0433030463375845,-0.83489942414748,0.0650077824580151
5.39359032965262,1.10608747557224,-0.7649579266532
1.983535665791,0.763364310007932,-0.124638520965103
-1.40098929670206,-0.0890880448128572,-1.0131209607071
-0.82073770673359,0.568926999455323,-0.162457387100649
3.28728183555923,-0.349168948451187,0.804742824455808
1.23251627808954,0.280734024548226,-1.80550543123842
6.40231953383712,-2.61876981006642,-0.480482683492191
-0.234295148697814,-0.175355233210576,-0.104811683415102
-1.6672469521162,-0.758695766445379,-0.124908093913738
-0.143548575068696,-0.150604042303165,-0.229355732413684
6.3342156787176,-0.506037310265044,-2.1485526607287
-0.822316763083957,-0.707311303316917,-1.04220892293335
1.40167592255854,-1.08674836670607,-1.28342342567947
4.41284160819192,-0.524737990428472,1.0306917549052
-4.00519363319104,-0.00618182623331114,0.787481189260145
18.9892883596572,1.79126533877161,2.37694735897889
0.568368310949314,0.224128039986426,0.478339069200892
0.07812262655544,0.754264712444911,0.444034928371435
-0.672727078767917,-0.264224073588413,0.583509956551374
-1.40402281377808,0.252548724309578,0.698394447732663
-1.39732206377082,-0.250891367503062,0.234095040014467
10.772181955125,1.84485491347423,2.07346516661749
0.0231110566327377,-0.237923740374441,0.0681922559901747
0.443066407302359,-0.348165679732765,1.47011109828561
2.96446187190376,-0.279772568927761,0.384236473865632
17.0913583992342,2.36883926411062,1.23027880724424
1.39188899672015,-0.178482522520349,0.0321196029160584
1.72067108860792,-0.0348593040603355,0.589295694781784
-0.259333912756954,0.729221497286199,-0.646773806047774
-1.70903180873989,0.0836311485733997,-0.19236129075268
5.26198155927077,0.756737445174192,-0.360158644926982
2.1154745800415,-0.392909259036398,0.815187928263365
0.793655231605232,0.915103479889259,-0.506292706686509
4.80332704826611,0.915835231504382,0.375852789444054
-1.82934056844544,0.283103347031692,1.66007829687407
4.51583176615845,-0.991112354366654,-2.52293106910643
3.68522095760422,0.207318886643188,0.285217082419993
7.63175388237821,1.18547786275045,1.58947612343845
-2.12662653947714,0.0199452420532207,-1.18512921244703
6.73636231501594,0.975636306370997,1.73406254090102
8.16127121594413,1.61699660654467,1.22044472181955
-2.42665355914087,0.662131406313149,-0.0300657916925314
1.55930674152117,-0.148477574694312,0.487168745980569
0.222348010552804,-0.159094506372366,-0.0100164870890171
5.41564592923596,1.74191814177668,0.432515383064361
0.32591565161295,-2.1435233973883,-0.320480910051802
-3.57283013193368,-0.344720395970357,0.344525206466866
-2.88164325861525,-0.284502832020207,-0.490768464429364
-3.24884564514273,-0.686361253820975,-0.105887945582192
1.73335422293944,0.699637552059408,0.699918367635127
0.623918826455586,-1.55157040955916,1.00015109478601
0.814458836920445,-0.664247261069432,0.846516332438558
-0.117499554615184,-0.758158520900976,-0.786951099661979
1.8025082371299,-1.05725650877142,-1.58254243071263
-0.190370614746298,-0.477831743296349,-0.236062140131093
4.31890241216833,-1.62016869035376,-1.03595157354891
2.03568932358711,1.21826432790612,0.189325180516982
2.70962322516977,-1.43502566928741,-1.09570065908637
4.92440990390452,0.699096030244292,1.08855555127691
12.6519036370086,2.05834336380072,1.89919564369552
8.18770955313499,0.869512085793927,1.91720214882865
-0.0148386042714384,-1.1602395009575,-1.34189064072719
8.21504006595804,0.434948652216114,1.94330297640449
5.07984685504215,1.17637191630965,0.735179373724601
3.7247933826215,-0.512741327632786,0.892412724949631
1.10924335521155,-0.416908311791067,-1.30838271680308
13.7426980920444,1.52515750322296,2.18704562544782
0.0689911246575452,-0.956952163037936,-0.913823239502808
4.11722952464833,0.67436485403195,0.124331431464827
-0.764508157734278,-0.317437786774371,-0.14098282342556
4.62387306442602,1.22438954064794,0.579996524537391
2.06009760254041,0.570438689902098,-0.735409781716573
4.76871782749672,0.947591578418357,-0.00871431769523493
1.53777542806089,-0.900504564648295,-0.692589833387015
8.30781770625386,1.34076388873936,1.63194598869574
2.26859787034406,0.724033124559547,0.806509815742395
3.12332711814908,-1.11552763828118,-0.768916919814092
2.99199113953116,0.585765741006385,0.420586100559616
4.82541629734541,-1.40316576937887,-0.226494982100768
9.90686233437796,2.00613070195653,0.579699060116976
4.19065028809753,1.07445851601784,-1.10056657912323
0.998404999208866,-0.0536657278855172,-0.86390964495823
-1.95549216209428,0.259394460039014,-0.805044482777289
2.80151683750211,-2.05621497391396,-0.0297877011287363
3.30933698891668,-0.486909392938234,1.50247399084282
-3.09473847030349,-0.491815092699506,-1.61292290218672
0.253200923466514,-1.62468282423745,-1.03475301042955
-1.04793301445939,-0.310375293766297,0.304191214987633
2.29517293341732,1.51292889641456,-1.12359588662813
3.55933839030527,-1.4604168956322,-1.21858408555712
-0.501261066390763,-0.350833846362698,-0.328693861035878
-0.0216765104503904,-0.519661376875182,-0.372503609575142
2.35552874094464,0.611099639663264,0.714773344349849
3.24884503483348,-1.51938559664143,-0.107136459890374
2.09620439766085,-0.412709326473759,1.33244830178502
4.70081373987206,-2.6164798061097,-0.48641813865846
6.64895333713148,0.756379523832521,-0.0540729143778407
0.179724001898224,-1.44075104064298,-0.116946693789996
4.12080178164328,1.04733323029224,0.672405065868567
16.1628549820559,1.56426587535358,2.09038277126947
0.590928045797669,0.94863138276982,0.569890374338825
4.23887465461239,-0.643956651333665,-2.47495095382055
3.49020576854021,-1.43764439981247,0.805027737462804
0.804465319475555,-0.882054837520695,0.167417188149993
1.50711679018708,0.0424515654406556,1.03211940594791
7.56534644605432,0.459850648393779,1.21746767859104
-3.7285642731267,-0.447777963421168,-0.0250406295180812
2.8598227244008,-1.74632493059991,-0.0304473646869383
-0.241961093030921,0.326535238673286,1.03277345838915
1.09048338711556,-0.453068389608667,0.548249803113538
19.0934502761443,2.29392045639773,1.704678650221
5.98705599504729,0.0891752437231981,1.66519393805587
-4.05674956875948,-0.0190735415887741,-1.06010211385109
-0.60972802047993,1.57002688104253,-0.125618735325192
2.95608755024668,-1.88796291595933,-1.42989021752078
-1.3016435982652,-1.34991508677016,-0.50425275662236
0.709789162874678,-0.0263710193716222,-0.246522380727968
0.243995015392794,0.583043575232012,-0.372215677512725
6.90625233661306,-2.27815791187695,-1.1064657519136
3.69837135436751,1.55438422955902,-0.202886955074895
3.98746102302406,1.3885861071727,0.537030389280916
3.09124596798017,-0.0314613444755766,0.630372305307815
-2.05816918076436,0.821572304490828,0.0103299073468689
8.58199918046064,0.510634991729145,1.57208242431299
4.90467672731663,0.334971288264219,-1.2681958784682
8.45611587839067,1.71917360911039,1.79551724652463
1.78432503799163,0.598506855594296,-0.669068227917015
2.52391862986977,-0.353131718529425,-0.902249562731835
8.31673367719416,1.13891089745218,1.79301914105624
-0.247455564780487,-0.378543131584042,-0.763528503273318
1.35399461770426,-1.00555267862214,-0.25460587503911
6.75389248881342,1.13399228601408,1.74676418845444
-1.06982432665171,-0.352708224699155,0.670083980833086
-0.125512000473683,0.624784441204466,-0.130179491133157
2.75045771423714,0.429628142214876,0.339522551545409
-3.07464063831585,-0.241875301885838,-0.578871680645749
1.30060210348861,-1.41192649504247,-0.581768351990591
-1.89810774140603,0.23279151148189,-1.31379934675379
-1.66362027299961,0.0161350331100723,-0.151146642513334
0.946734700487535,-1.17214173703938,-0.184467585956052
2.44522417793657,0.70845417250077,-0.337057970297209
1.29211793438965,0.789205055634662,0.0392277500950968
0.992783438943668,-0.339651273190231,1.15104336020969
0.972990328457266,-1.47141306878128,-1.00441388317841
1.74114573702118,-1.40927234766267,-0.565388119345249
7.17128439904072,0.130049457261982,1.40689489572302
-0.669500072022589,-0.164606491701475,-1.80996810053953
5.73107846445739,1.57435180240054,0.965962789081494
5.31497201656296,-1.09454808049922,-0.742791459544723
-0.193999831981713,-0.597494459075023,0.319534717115406
-1.75013300763105,-0.711895335007917,-1.2567801938512
0.0550883283187896,-0.653331757480716,0.515843731626883
-0.787019550434908,-0.999208197161849,-0.239645728254407
-3.1830787715558,0.180524856291334,0.427008969309767
10.8897358947873,0.300532616037962,2.11239272786454
0.357891560552681,0.787761385965423,0.354222576459985
1.3153861166988,-0.353412928170882,0.787005539070486
2.0277636047249,0.867073344321424,-0.176379788250708
2.52638553058821,1.16715737886989,0.278493835179349
-0.394340629197093,0.711961346593337,-0.248618929545257
0.971327373292939,-1.18943271857036,0.274339747494775
12.1657109936739,1.71660925822217,0.899832054495355
14.6637507810641,2.49420094687207,2.21531533112935
5.02314143086799,-0.158561718374097,0.181914265112385
-1.34432179654215,-0.347256789125098,-0.62293133976294
0.229295157654973,-0.393219784351775,0.65244854663453
-0.228543609435794,0.547869802976627,0.606373192053136
-2.43256125436886,-0.188782720064337,-0.889688362973294
7.58402689345414,-1.91173478145041,-1.87391872389256
5.47352215274027,0.305140415821097,0.450712744565314
-3.36035322726594,-0.339338000687262,1.13363997282011
2.54353095821216,-0.28522558794907,-1.74787240341946
5.63899088152433,1.28744951608335,0.601722516077636
4.24181672119104,-0.279078289357524,1.955855911319
-2.0440662743943,0.350513755684785,0.0306630339601969
11.0448009244118,1.06976256972227,1.78031294243615
1.24284594086736,-0.429171987596274,0.170596388676854
6.7568009158894,0.377510633527724,1.51643597565688
10.569712107662,0.924672128816869,1.94868546980643
-2.53229714985515,0.565845728247542,-1.23002897870253
-0.236597462111631,0.968615542481259,-0.883304044106449
3.08730189049285,1.52022739617625,-0.334816787566014
2.33136740459253,0.864793061295842,0.810256008960245
-2.09501649032254,-0.0237769107655027,-0.932281713868662
6.88966380400192,0.299317770813205,1.2954804897547
-0.616931846804345,-0.855473446631203,-0.723189660973466
8.30849588732299,1.6687048280001,0.140296069412553
1.24268038841009,1.02712626575162,-0.369609083569422
-1.13549544942691,0.58799679487498,-1.2291720605911
2.56762903320566,-0.835995419144311,0.699226830034817
3.68925067439165,0.943340948734205,0.00428653771307599
6.09852078650565,0.681523879273409,0.892018418343452
-0.451894586078575,-0.26788662160714,0.673014580047621
0.338242435831191,-0.637047919447114,0.697779542807471
0.790270964526206,-1.34836243091412,-0.676946693926012
0.767974900261317,0.214252922936281,-0.000587842340852527
-0.185766501205667,-1.44132255641667,0.151362066883823
2.21596135983851,-0.429350870922867,-0.180193717162095
-1.75754183319015,0.0145089054837003,-1.20506564248084
1.23171624738685,0.677654370091535,0.456576098290847
-1.66930729666546,-0.200937919494754,-0.263585590646484
3.5398441699437,1.24235474708844,0.0882244268333418
0.648336634349138,0.351689747110739,0.823878613449582
2.48833528330793,-1.22658242759193,-0.717084980516502
-1.51676902089487,-0.794501126672765,-0.0768760436732336
2.33931142790501,0.377654640614502,-0.841554426217264
-3.63092924855847,-0.033203768393145,-1.19388271592868
2.67677800446008,-0.828960286635524,-0.484605426335189
2.55465675004144,-0.169135848723632,0.94065341227503
-0.902763129389689,1.53571686167049,0.120648170200851
0.163094567368823,0.310377426164119,-0.886119618805337
1.64125212310886,-1.69889310228987,-0.757941930025288
-0.294834667586302,-0.91814752285184,-1.03602532315998
2.90169324438681,-1.78715391596637,0.995963051084341
-2.03726301519859,-0.530267445628026,-0.420702584171375
8.41402185736522,0.380644430620054,1.89029270890946
8.18704060473618,0.846844201212937,1.72639551444987
3.39154524017146,0.34554797455359,-0.528186542217014
0.865858278298067,0.0289614306883959,0.554980817517668
0.272506679629054,-0.140154957141414,0.529418558167308
13.6781325826797,2.6954170333655,1.16535951705612
4.43404765667174,-1.10439742088744,-0.831850812504019
3.24828618907117,-0.801556742777093,0.703357534451453
-1.74323157960648,-0.691815735985744,-0.693756538279114
2.34000686380671,-0.401699926272932,-1.33753674308192
4.92298248670156,0.67250929786437,1.49198884157786
4.99090607949162,1.2921949432272,0.354047071450132
-0.658965041657946,-0.325813664040483,-0.0972206109873737
1.7518716138791,-1.70116056892904,-0.824374933009389
3.22592822969792,-1.38899426658971,-0.127097817605522
0.241925815405599,-1.528788659904,-0.534374902471915
3.80832593526899,1.79810902264954,-0.0119650248724351
2.39284881725328,-0.874616716624157,-0.618807968021653
-3.24267273381045,-1.24350913036852,-0.698975937801312
-0.0933921449874131,0.696944590830783,-0.108483462362715
1.95435840520584,-0.227745289675346,-0.46419822012084
-0.816032911306287,-0.165540576116514,-1.15846941361287
5.03315336888179,-1.20361091192665,-1.48448783081505
-0.0815335432975722,-0.669111334894974,-0.761670169608066
2.47336301070801,-1.0287824554055,-0.613675791768353
2.69126322155331,-0.965003917961321,-0.795682777932084
3.88466001269223,0.466317521077164,-1.8291865769499
-1.69204811930761,-0.682751826262355,-0.83827137066693
-3.49465213434614,-0.725869440234234,-0.380547079082223
2.21380931195115,-0.446906206632067,0.645926590715022
3.67536990736321,-1.63363183887803,0.575542470164638
6.19302437394658,0.935320510447459,0.909426905539923
5.99445267442615,1.71753852621595,0.150972793619604
-1.28338470856679,-0.200149226072488,0.513167739846195
4.78861264515935,1.44226562853666,0.915972698459998
8.31985901710522,1.36087195092127,1.51319157537876
-1.85105066727514,-0.827059490195064,-0.752306214832365
-1.49803645213613,0.491586564168739,1.20991037238842
2.46119964653224,1.20089257414496,-0.632370168988035
6.58374012376343,2.28690293754161,0.121895491539993
2.22257423721878,0.904458557141517,-0.775795316113686
-0.480010411584394,-0.343490445829055,0.404927860656779
4.41104067096562,-0.00274756987722709,-0.689680361297149
1.5319658014948,0.600161269801285,-0.0711856103900502
3.88426739204363,-0.427661847773091,-0.975123564678649
1.14937393885087,0.360316590414264,1.09205838731827
3.92781906004229,0.872881162867956,0.0931989492896474
0.82762521055268,0.471380675455877,-0.0484060213501777
-1.72596959572287,-1.36919527422485,0.371345263888984
5.27337070882778,-1.50635276099966,-1.3905844975507
1.14643815947852,-0.243176323308486,1.45565868990823
-0.326012749538593,0.206804817778932,0.597294943532585
2.80037671693015,-0.52131042819335,0.893258445945225
2.07774899129276,0.00635263074962022,0.334288270036863
8.21119165954646,1.58104750939551,0.433744218148988
-6.51995328583997,0.303917398237041,-0.979664028410328
0.566572634686852,-0.947821053442253,-0.532487047539409
1.38131914627932,0.123267105088527,0.798714580299941
2.08434633627889,1.17962898940004,0.367703844306626
1.88879866617339,-0.944313187987702,-1.86555221205053
2.3507827214381,0.375195034286621,1.70083923042053
-0.189656952874509,0.762495452318521,0.816907381409894
1.95809010947151,0.335039595593013,-0.656592832021705
-2.19305734841333,-1.49745439259516,-0.0791869225300193
5.4227404250464,-0.479292325086529,1.25273930330376
-1.13185618686673,0.094443420438758,-0.173058151911449
-0.33137939974104,1.0485002730462,-0.52674192970136
7.97833433549246,-1.40709660022466,-2.22944133518335
2.5707625512941,0.513593189756485,0.423946948824383
2.25956139735518,-0.231116180655549,-0.0289930125138757
-3.6152268844954,-0.850494263134152,-0.427197249430729
8.08589382474685,0.566096628857207,2.31460750023013
-2.62356614189309,-1.07790634752594,0.171755028140922
0.375569799909128,-0.731695456550439,-1.2760272583118
-2.0355535304094,0.774358171261556,-0.274172012726309
3.16711896425018,0.659953676350757,1.04566770846684
-1.06997472338712,-0.931448543345298,0.475836663587104
4.89220392585905,-1.00290882791207,-1.39866124838765
-0.285937791636046,-1.30033378004959,-0.257082716184801
0.663106587301753,-1.50387992630747,-0.448415834201848
-3.20680719997868,-1.47599933514082,0.108574566536977
-0.530484325622575,1.03126157986125,0.408047916356003
-2.92969970246403,-0.0407458875446109,0.956037145716629
0.64915029327755,1.04495755199677,-0.336479412398424
7.78670002990652,0.127212924918017,1.94697243594226
-0.388203806047962,-1.12334415016143,-1.00735834374328
-0.301655284916235,0.124788505881479,1.58775669177469
-1.59060269292819,0.172858515235849,0.62752149226726
-1.73338028562724,0.0513567710311223,-1.10803637772109
0.224410698903245,-0.372678655156272,1.07169112273204
1.79525896838712,0.149749092235668,0.568795179866505
1.1136683062181,-0.344111731745612,-0.162380449185986
-0.046991732930613,-0.0126076729948438,-1.60868783867391
0.789518053577914,0.209519684027723,0.326617894601806
1.43086666657855,0.33521446402959,-0.0306945081620089
2.7360617203681,0.482063119059946,1.25005634705483
4.46727265993745,-2.33910590078056,-1.83804715516553
-2.28358529146758,0.0436263000736678,-0.175420346321767
5.03550841216287,-1.93379636708143,-0.611924705624372
6.07416098549704,-1.4606250622987,-1.87930515915214
12.3473254827156,1.36992183285549,1.7784445747221
-1.64511797692332,-0.780199610557905,0.619157458947871
-0.965282426005437,-1.68267471423933,-0.0575165770161997
1.10076276282797,0.29457001660539,-0.23621474938389
3.59034379911474,0.887592708033883,1.10532940061624
1.05200005025137,-0.589655744833557,-1.84262818700178
4.19224697079376,1.8700136894455,-0.238986516691431
11.6908433985749,1.15267030190039,1.84415741063025
2.91662947958779,0.0760295527279577,-2.1404621193922
0.370595402734403,-0.00653380598211787,-0.25650145394548
-0.83485296065293,0.290323069270253,-0.408484282290682
0.995244932271233,0.895772150617997,0.391301406660502
7.97468188370186,1.63476688933797,1.2332796145238
0.262877243870461,-0.374376141686611,0.642236640671163
2.46967155793936,-0.500799600536291,-0.672268876011754
-1.64268103171666,-1.07749677991478,1.41381309401699
5.46284390792629,0.613750445738356,0.146142870615966
-0.78518521975112,0.00298224033262032,0.687698850675418
2.00152435510172,0.220200565403666,-1.34535052534666
1.27724002022006,0.680671263689493,0.0892518603378279
4.45446354899618,0.577709782969194,0.25092456228278
-1.27041828604449,0.267979298639604,-0.163360061359421
-0.48478729488841,-0.689682680675761,-0.0045353338247285
1.696322649672,-0.112030750857999,1.73085191215582
2.6513807823277,0.62204037557395,-0.76221094048773
0.575573942899294,1.06098626835923,0.171912639141969
4.43869057609414,1.0343821595213,1.02299264946139
8.92756438673829,2.08304394652532,0.73398118171324
6.99907274745048,1.55043477645925,0.0353790145355076
-3.76939687644083,-0.843762897640706,0.0632798018040511
-0.290588977182006,-0.882733743528851,-0.388574571313596
0.925002659653281,-0.134506842715723,-1.76790924114042
1.12289084629196,-1.36102983324268,-0.261615823093857
10.7276568516954,0.853073302237051,1.89118897177304
8.36461841536195,1.10350842453923,1.84733264946729
4.42498364795265,0.885458143707437,0.688414474777317
-2.48976353527926,0.649880874023893,-0.0619717864513657
2.22797452355944,-0.141571248021744,-1.44154414469248
8.13911986431565,-2.79207050230791,-0.374881701807753
2.68859228319968,0.00433582996531834,-0.546963101995874
4.02758166039393,0.617304514601185,0.953396446237823
-2.16520238421123,-0.467748187663198,0.202738038472377
8.73039715011121,1.30177154179562,1.26139934377701
13.4158395522951,-1.44733643014675,-3.54853377689919
2.31030897701979,-0.966363062373124,1.21416329829441
3.41645019739026,-0.567561658694907,-1.07528202358781
-0.860336421466787,-0.239877175755971,0.600120689174136
2.28448146504242,-0.467037518560374,-1.68481584337117
1.15599681403123,-0.0838654461384783,0.0349428461848096
3.45814397553176,-1.67891398628307,0.687233068904443
1.8806723630668,-2.06285444870573,-0.183225447406249
0.720308623181824,-0.101861832102873,-0.187309942637963
-0.47257135504982,0.437431633122002,-0.250968582565336
-2.54000931127956,-1.21182669908135,-0.3963987194475
16.7894659561385,0.724388881361306,3.02282168138892
-2.41088172542713,0.0757113593811493,-0.864261577569729
2.81971602141318,-1.68267097088262,-1.7720746197276
5.61983404877605,1.04098446904839,0.946829519171692
0.059513107550432,0.578894748418105,-0.848960817601127
-0.437601293148748,0.124453048152031,0.551134774578483
-1.89407453538219,0.0812362818775818,0.91094756018221
3.30921103502106,-1.86895908771836,-0.339478972244847
-1.53654617489349,-0.384015070182648,-0.368361804589661
3.06400128878631,-0.570647604166607,-2.21726131197919
4.69300217336363,-0.0819953856391473,-0.62171935904624
8.19994550645168,0.128296450186532,1.59866361307373
1.64700517414157,-0.0824470957250369,1.29816076854037
3.703739266818,0.213313938321338,0.021710916172349
2.42140549518735,-0.13401952477778,0.215750980211351
-0.226506065138009,-0.489826919768144,0.253621598414521
-1.76393488347482,0.637361087866449,-0.213919341599293
1.76912173572855,-0.153141105771912,-0.843041985030073
-0.39367117751268,0.233977500025891,-0.127898310994606
-0.83937473214904,0.993332771010944,-0.674057467655457
3.2304112141581,-0.392284295463819,-2.42683545458806
-0.434354236517369,0.714647160841305,-0.287959885978469
-1.66031245931276,0.268319933463252,-0.524363827418131
1.3285701689663,0.366716817564499,0.520141066662669
5.02466682914702,0.336692900868419,1.52381749615568
1.25155628029304,0.133637102408018,0.0856669017406063
1.82860857827178,0.851451458460119,0.579507514345382
-0.697519283136512,0.53160585581705,0.390552064245951
-2.16600956102372,-0.894302442774187,-0.664045679057783
7.34675533484523,1.6252227905404,0.895664309907691
0.512350793358322,0.0220240211577292,-0.333186787257174
2.46670871583457,0.406157632877164,1.65463186083075
5.86495438879621,-0.722369035073435,-1.29870928893357
5.80635814722372,1.07451820895435,0.987529066661289
1.14497895395456,-1.291987112767,-0.889955237601447
3.36307905817547,1.15292847446813,0.159675680983087
1.32621365931773,0.0508452387739286,-0.18331561220533
4.02741296381446,0.612588373998648,1.00355346941816
17.3986832318355,2.54009896244647,1.70338605636739
-1.92267042766692,-1.30070387296512,-0.272778430584184
3.00890966018413,1.30687729269334,0.862660154373073
8.55768912357515,-2.26500052045372,-2.12335189798833
-3.32864312092533,1.51189665453412,-0.483788777312399
1.35143829799393,0.093687112327768,0.67638243183742
-0.0705697659992094,0.19307431914106,-0.245021807593357
4.49122991521108,-1.15514447573152,-1.36451833496682
1.9723708220432,-0.472573870975892,1.35595023797565
0.424788814411393,-0.374587715489141,-1.47270003157374
9.01972636493574,-2.06624705018676,-1.95576242286669
4.81352319806173,0.364618531642603,1.89821456604301
-0.173012285322536,0.322603217934405,0.161510553672883
-0.137100001640917,-0.54629865992842,-1.02096402425151
4.05520348390075,1.29178561707065,0.623383112620774
2.54935356796203,0.321264394461093,0.764917906564123
-2.01219741680696,-0.842516020239264,-0.191656064905118
9.5040246935367,0.965619161529562,1.33770344613059
-3.13153376536705,-0.915397199612498,-0.0499444795151003
5.15575342809092,1.84245174288959,-0.585908916347717
-0.163435453367917,0.94608557225888,-0.0187264230824784
3.110168647209,0.215609522160437,1.09205252554885
11.2921238990197,1.78206170660545,1.14296329820578
3.06601810652433,1.02869772038262,-0.808940637611526
1.00392782098319,-1.0695683688657,-0.769770517511412
2.08545201764633,-1.4883257726873,1.2729501301137
0.796352347626174,0.269116620757778,-0.433267290440334
24.7498399575199,-3.03286546649143,-3.03111168843901
3.81311240851221,-0.161777272837767,-2.65678396133454
5.21890182457591,1.01156394756836,0.518349654767957
0.0911115499395502,0.0608365409026886,-0.532096196854069
22.6346628828191,1.80490868812602,2.97233627403695
5.88697749357925,-1.72922802958712,-1.88124607219789
1.17644905455895,0.509467336466869,-0.624143781176622
0.836666202530629,0.640450053600568,0.898744670304263
6.16502176694967,0.208906662961444,-0.119393480504151
2.06692244522807,0.604418429712137,-0.318015857429821
2.287034971571,-0.714529288175004,-0.836592357984955
-1.0443234651946,0.610880687419866,0.323339168609155
4.01957002439623,-1.84265256110826,-1.25310387472848
0.604828731287796,-0.189205024955521,-0.508937867721335
0.168730813965177,1.05191357862991,-0.115922622012334
